"","upperCI","lowerCI","ESTIMATE","EXP_EST","VARIABLE","CI_LENGTH","ACTIVITY","SIGNIFICANT","PERCENT_CHANGE","SIGN_PERCENT_CHANGE","INTERP"
"1",-0.0196702687145352,-0.00462887501115456,-0.0121479988605521,0.987925490194944,"COVID Peak",-0.0150413937033806,"Caring for Household",1,1.21,-1,"On average, the amount of time spent on caring for household is 1.21% less than that of the reference group, given all other variables are held constant."
"2",0.0219549608101129,0.0369236687198865,0.0294407882597086,1.02987845277099,"Post-COVID Peak",-0.0149687079097736,"Caring for Household",1,2.99,1,"On average, the amount of time spent on caring for household is 2.99% more than that of the reference group, given all other variables are held constant."
"3",-0.0628089529888995,-0.0622810230016733,-0.0625448500829715,0.939370931004479,"Age",-0.000527929987226207,"Caring for Household",1,6.06,-1,"On average, each additional year in age is associated with 6.06% less minutes on caring for household given the other variables are held constant."
"4",0.54119073898951,0.554512899679779,0.547849476402759,1.72952962141343,"Sex: Female",-0.0133221606902687,"Caring for Household",1,72.95,1,"On average, the amount of time spent on caring for household is 72.95% more than that of the reference group, given all other variables are held constant."
"5",-0.0146564193758213,0.00849971455639644,-0.00306094004538877,0.996943739855409,"Race: Black",-0.0231561339322177,"Caring for Household",0,0.31,-1,"On average, the amount of time spent on caring for household is 0.31% less than that of the reference group, given all other variables are held constant."
"6",-0.21606620065323,-0.133989773721174,-0.174752302140711,0.839664978230462,"Race: American Indian or Alaskan Native",-0.082076426932056,"Caring for Household",1,16.03,-1,"On average, the amount of time spent on caring for household is 16.03% less than that of the reference group, given all other variables are held constant."
"7",0.10505180264225,0.127111593090012,0.116096849286326,1.12310463874892,"Race: Asian or Pacific Islander",-0.0220597904477615,"Caring for Household",1,12.31,1,"On average, the amount of time spent on caring for household is 12.31% more than that of the reference group, given all other variables are held constant."
"8",-0.151667033530193,-0.0980997823803603,-0.124768359790844,0.882701348029668,"Race: Other",-0.0535672511498329,"Caring for Household",1,11.73,-1,"On average, the amount of time spent on caring for household is 11.73% less than that of the reference group, given all other variables are held constant."
"9",1.89037797027905,1.91167064291289,1.90101417575855,6.69267855390616,"Marital Status: Married",-0.0212926726338418,"Caring for Household",1,569.27,1,"On average, the amount of time spent on caring for household is 569.27% more than that of the reference group, given all other variables are held constant."
"10",1.18634517097083,1.2155889526615,1.20096900191448,3.32333568163088,"Marital Status: Previously Married",-0.0292437816906681,"Caring for Household",1,232.33,1,"On average, the amount of time spent on caring for household is 232.33% more than that of the reference group, given all other variables are held constant."
"11",-0.51324443956817,-0.481829498225115,-0.497517749883801,0.608038090649481,"Education: Less than High School",-0.0314149413430549,"Caring for Household",1,39.2,-1,"On average, the amount of time spent on caring for household is 39.2% less than that of the reference group, given all other variables are held constant."
"12",0.0338921926521618,0.0538285334492393,0.0438578148876619,1.04483378451742,"Education: Some College",-0.0199363407970775,"Caring for Household",1,4.48,1,"On average, the amount of time spent on caring for household is 4.48% more than that of the reference group, given all other variables are held constant."
"13",0.165529838058303,0.184567568779393,0.17504457376431,1.19129931612387,"Education: Bachelors Degree",-0.0190377307210899,"Caring for Household",1,19.13,1,"On average, the amount of time spent on caring for household is 19.13% more than that of the reference group, given all other variables are held constant."
"14",0.356203763632728,0.376294689969781,0.366246397734235,1.44231058093465,"Education: Graduate Degree",-0.0200909263370527,"Caring for Household",1,44.23,1,"On average, the amount of time spent on caring for household is 44.23% more than that of the reference group, given all other variables are held constant."
"15",-0.12437286607923,-0.100999272335177,-0.112668002960207,0.893447232719152,"Occupation: Healthcare Worker",-0.023373593744053,"Caring for Household",1,10.66,-1,"On average, the amount of time spent on caring for household is 10.66% less than that of the reference group, given all other variables are held constant."
"16",0.0243757929419333,0.0372400209322156,0.0308096883810841,1.03128921888864,"Weekend Day",-0.0128642279902824,"Caring for Household",1,3.13,1,"On average, the amount of time spent on caring for household is 3.13% more than that of the reference group, given all other variables are held constant."
"17",-0.035871290839179,-0.00878063797872627,-0.0223208601112448,0.97792640713069,"COVID Peak",-0.0270906528604527,"Caring for Non-Household",1,2.21,-1,"On average, the amount of time spent on caring for non-household is 2.21% less than that of the reference group, given all other variables are held constant."
"18",0.0413704725691019,0.0678498945966812,0.0546138800531092,1.05613274201842,"Post-COVID Peak",-0.0264794220275793,"Caring for Non-Household",1,5.61,1,"On average, the amount of time spent on caring for non-household is 5.61% more than that of the reference group, given all other variables are held constant."
"19",0.0161030216757497,0.0168290083842592,0.0164659639010797,1.01660227502161,"Age",-0.00072598670850945,"Caring for Non-Household",1,1.66,1,"On average, each additional year in age is associated with 1.66% more minutes on caring for non-household given the other variables are held constant."
"20",0.222264264688594,0.2454053818311,0.233830401864118,1.26343019862989,"Sex: Female",-0.0231411171425057,"Caring for Non-Household",1,26.34,1,"On average, the amount of time spent on caring for non-household is 26.34% more than that of the reference group, given all other variables are held constant."
"21",-0.143645938596192,-0.108816561570548,-0.126195454681022,0.881442547873617,"Race: Black",-0.0348293770256444,"Caring for Non-Household",1,11.86,-1,"On average, the amount of time spent on caring for non-household is 11.86% less than that of the reference group, given all other variables are held constant."
"22",0.175520015764811,0.289675592461791,0.233125152647374,1.26253947959827,"Race: American Indian or Alaskan Native",-0.114155576696981,"Caring for Non-Household",1,26.25,1,"On average, the amount of time spent on caring for non-household is 26.25% more than that of the reference group, given all other variables are held constant."
"23",-0.821341167848147,-0.740749764314066,-0.780793578016376,0.458042374678177,"Race: Asian or Pacific Islander",-0.0805914035340813,"Caring for Non-Household",1,54.2,-1,"On average, the amount of time spent on caring for non-household is 54.2% less than that of the reference group, given all other variables are held constant."
"24",-0.0567538093433228,0.0424897779941371,-0.00673611240683225,0.993286524341933,"Race: Other",-0.0992435873374598,"Caring for Non-Household",0,0.67,-1,"On average, the amount of time spent on caring for non-household is 0.67% less than that of the reference group, given all other variables are held constant."
"25",0.117681142910771,0.151313333182155,0.134477728570237,1.14393918155755,"Marital Status: Married",-0.0336321902713835,"Caring for Non-Household",1,14.39,1,"On average, the amount of time spent on caring for non-household is 14.39% more than that of the reference group, given all other variables are held constant."
"26",0.110879139358025,0.148892707686539,0.129872003691011,1.13868262682333,"Marital Status: Previously Married",-0.0380135683285137,"Caring for Non-Household",1,13.87,1,"On average, the amount of time spent on caring for non-household is 13.87% more than that of the reference group, given all other variables are held constant."
"27",-0.321112576440118,-0.275197803311086,-0.298105747266082,0.742222847560727,"Education: Less than High School",-0.045914773129032,"Caring for Non-Household",1,25.78,-1,"On average, the amount of time spent on caring for non-household is 25.78% less than that of the reference group, given all other variables are held constant."
"28",-0.128011109975683,-0.0981334700290911,-0.113072028760705,0.893086329897685,"Education: Some College",-0.0298776399465915,"Caring for Non-Household",1,10.69,-1,"On average, the amount of time spent on caring for non-household is 10.69% less than that of the reference group, given all other variables are held constant."
"29",-0.152676562760779,-0.120977507685386,-0.136823176419081,0.872124424662515,"Education: Bachelors Degree",-0.0316990550753927,"Caring for Non-Household",1,12.79,-1,"On average, the amount of time spent on caring for non-household is 12.79% less than that of the reference group, given all other variables are held constant."
"30",-0.31258140426944,-0.275902005615203,-0.29422430033704,0.745109344421337,"Education: Graduate Degree",-0.036679398654237,"Caring for Non-Household",1,25.49,-1,"On average, the amount of time spent on caring for non-household is 25.49% less than that of the reference group, given all other variables are held constant."
"31",0.0568274010427522,0.108260494358051,0.0826352107596469,1.0861455220722,"Occupation: Healthcare Worker",-0.0514330933152992,"Caring for Non-Household",1,8.61,1,"On average, the amount of time spent on caring for non-household is 8.61% more than that of the reference group, given all other variables are held constant."
"32",-0.078439365938742,-0.0552233791634151,-0.0668247046044382,0.935359151118924,"Weekend Day",-0.0232159867753269,"Caring for Non-Household",1,6.46,-1,"On average, the amount of time spent on caring for non-household is 6.46% less than that of the reference group, given all other variables are held constant."
"33",-0.133196823429731,-0.109809627063155,-0.121499228106783,0.885591736930859,"COVID Peak",-0.0233871963665755,"Education",1,11.44,-1,"On average, the amount of time spent on education is 11.44% less than that of the reference group, given all other variables are held constant."
"34",-0.0403586052113184,-0.0171655658981018,-0.0287584567870627,0.97165113186055,"Post-COVID Peak",-0.0231930393132166,"Education",1,2.83,-1,"On average, the amount of time spent on education is 2.83% less than that of the reference group, given all other variables are held constant."
"35",-0.0955009247834569,-0.0941819657251542,-0.0948404005119464,0.909518081505411,"Age",-0.00131895905830269,"Education",1,9.05,-1,"On average, each additional year in age is associated with 9.05% less minutes on education given the other variables are held constant."
"36",0.190760276453914,0.210329764303562,0.200543736820997,1.22206706039948,"Sex: Female",-0.0195694878496478,"Education",1,22.21,1,"On average, the amount of time spent on education is 22.21% more than that of the reference group, given all other variables are held constant."
"37",0.204159884077743,0.232600173107014,0.21840154535598,1.24408652450141,"Race: Black",-0.028440289029271,"Education",1,24.41,1,"On average, the amount of time spent on education is 24.41% more than that of the reference group, given all other variables are held constant."
"38",0.0231778667479581,0.119559659534913,0.0717433830704393,1.07437960469029,"Race: American Indian or Alaskan Native",-0.0963817927869553,"Education",1,7.44,1,"On average, the amount of time spent on education is 7.44% more than that of the reference group, given all other variables are held constant."
"39",0.664773816972147,0.694208170677589,0.679514240652661,1.97291913551402,"Race: Asian or Pacific Islander",-0.0294343537054425,"Education",1,97.29,1,"On average, the amount of time spent on education is 97.29% more than that of the reference group, given all other variables are held constant."
"40",-0.261232321845533,-0.188730866879688,-0.224774268856351,0.798696489084208,"Race: Other",-0.0725014549658444,"Education",1,20.13,-1,"On average, the amount of time spent on education is 20.13% less than that of the reference group, given all other variables are held constant."
"41",-0.811421317471511,-0.77977545095264,-0.795585360196468,0.451316974593481,"Marital Status: Married",-0.0316458665188712,"Education",1,54.87,-1,"On average, the amount of time spent on education is 54.87% less than that of the reference group, given all other variables are held constant."
"42",-0.17699620222085,-0.131669951223206,-0.154288710209785,0.857024553551338,"Marital Status: Previously Married",-0.0453262509976438,"Education",1,14.3,-1,"On average, the amount of time spent on education is 14.3% less than that of the reference group, given all other variables are held constant."
"43",0.902591185613602,0.940544708230639,0.921536091748356,2.51314785214795,"Education: Less than High School",-0.0379535226170372,"Education",1,151.31,1,"On average, the amount of time spent on education is 151.31% more than that of the reference group, given all other variables are held constant."
"44",0.894464265626871,0.931834572843052,0.913118088320129,2.49208095990323,"Education: Some College",-0.037370307216181,"Education",1,149.21,1,"On average, the amount of time spent on education is 149.21% more than that of the reference group, given all other variables are held constant."
"45",0.484718218324354,0.526076453765239,0.505378056695346,1.65761207335975,"Education: Bachelors Degree",-0.0413582354408848,"Education",1,65.76,1,"On average, the amount of time spent on education is 65.76% more than that of the reference group, given all other variables are held constant."
"46",0.654536702996674,0.70364303452039,0.67909361704952,1.97208945366265,"Education: Graduate Degree",-0.0491063315237155,"Education",1,97.21,1,"On average, the amount of time spent on education is 97.21% more than that of the reference group, given all other variables are held constant."
"47",-0.0326725047057316,0.0122771725668358,-0.0101292220847954,0.989921905711342,"Occupation: Healthcare Worker",-0.0449496772725674,"Education",0,1.01,-1,"On average, the amount of time spent on education is 1.01% less than that of the reference group, given all other variables are held constant."
"48",-0.132660772536627,-0.112187140387245,-0.122418173703938,0.884778300112663,"Weekend Day",-0.0204736321493819,"Education",1,11.52,-1,"On average, the amount of time spent on education is 11.52% less than that of the reference group, given all other variables are held constant."
"49",0.0124055880300569,0.0223828616901473,0.0173948236886362,1.01754699468294,"COVID Peak",-0.00997727366009039,"Eating and Drinking",1,1.75,1,"On average, the amount of time spent on eating and drinking is 1.75% more than that of the reference group, given all other variables are held constant."
"50",0.0566435318568597,0.0665039620485823,0.0615742436559835,1.0635094524277,"Post-COVID Peak",-0.00986043019172261,"Eating and Drinking",1,6.35,1,"On average, the amount of time spent on eating and drinking is 6.35% more than that of the reference group, given all other variables are held constant."
"51",0.00331247260548349,0.00357788727653843,0.00344518649389317,1.00345112797009,"Age",-0.000265414671054934,"Eating and Drinking",1,0.35,1,"On average, each additional year in age is associated with 0.35% more minutes on eating and drinking given the other variables are held constant."
"52",-0.0298579900435422,-0.0214984637473161,-0.025678380575297,0.97464850509729,"Sex: Female",-0.00835952629622613,"Eating and Drinking",1,2.54,-1,"On average, the amount of time spent on eating and drinking is 2.54% less than that of the reference group, given all other variables are held constant."
"53",-0.272535827912716,-0.258321235905967,-0.26542220411419,0.766882100837375,"Race: Black",-0.0142145920067493,"Eating and Drinking",1,23.31,-1,"On average, the amount of time spent on eating and drinking is 23.31% less than that of the reference group, given all other variables are held constant."
"54",-0.238223675446893,-0.184975866710953,-0.21148374980831,0.809382433565556,"Race: American Indian or Alaskan Native",-0.0532478087359406,"Eating and Drinking",1,19.06,-1,"On average, the amount of time spent on eating and drinking is 19.06% less than that of the reference group, given all other variables are held constant."
"55",0.148551081359373,0.165969489592204,0.157270403691344,1.17031202781159,"Race: Asian or Pacific Islander",-0.0174184082328308,"Eating and Drinking",1,17.03,1,"On average, the amount of time spent on eating and drinking is 17.03% more than that of the reference group, given all other variables are held constant."
"56",-0.0597079533457442,-0.0236297397379446,-0.0416166249224379,0.959237457823628,"Race: Other",-0.0360782136077996,"Eating and Drinking",1,4.08,-1,"On average, the amount of time spent on eating and drinking is 4.08% less than that of the reference group, given all other variables are held constant."
"57",0.102640488942008,0.114149140856298,0.108392917552414,1.11448556030681,"Marital Status: Married",-0.0115086519142902,"Eating and Drinking",1,11.45,1,"On average, the amount of time spent on eating and drinking is 11.45% more than that of the reference group, given all other variables are held constant."
"58",-0.0277298938017735,-0.0136093287226982,-0.0206701508918035,0.979542012347234,"Marital Status: Previously Married",-0.0141205650790753,"Eating and Drinking",1,2.05,-1,"On average, the amount of time spent on eating and drinking is 2.05% less than that of the reference group, given all other variables are held constant."
"59",-0.022521480951671,-0.00573631137247286,-0.0141241816249913,0.985975096670443,"Education: Less than High School",-0.0167851695791981,"Eating and Drinking",1,1.4,-1,"On average, the amount of time spent on eating and drinking is 1.4% less than that of the reference group, given all other variables are held constant."
"60",0.0312787543796307,0.0433979508769165,0.0373378260051607,1.03804363974673,"Education: Some College",-0.0121191964972858,"Eating and Drinking",1,3.8,1,"On average, the amount of time spent on eating and drinking is 3.8% more than that of the reference group, given all other variables are held constant."
"61",0.120858400686297,0.133026059890789,0.12694163440393,1.13535075042434,"Education: Bachelors Degree",-0.0121676592044912,"Eating and Drinking",1,13.54,1,"On average, the amount of time spent on eating and drinking is 13.54% more than that of the reference group, given all other variables are held constant."
"62",0.151550464963867,0.164800178930491,0.158175746645044,1.17137204132507,"Education: Graduate Degree",-0.0132497139666239,"Eating and Drinking",1,17.14,1,"On average, the amount of time spent on eating and drinking is 17.14% more than that of the reference group, given all other variables are held constant."
"63",-0.0462843417541786,-0.0274289179939412,-0.0368442828019148,0.963826207980853,"Occupation: Healthcare Worker",-0.0188554237602374,"Eating and Drinking",1,3.62,-1,"On average, the amount of time spent on eating and drinking is 3.62% less than that of the reference group, given all other variables are held constant."
"64",0.0115279149878139,0.0200339796985377,0.0157817368051697,1.01590692611469,"Weekend Day",-0.00850606471072383,"Eating and Drinking",1,1.59,1,"On average, the amount of time spent on eating and drinking is 1.59% more than that of the reference group, given all other variables are held constant."
"65",0.138553301658115,0.145584154568884,0.142068900488561,1.15265606436706,"COVID Peak",-0.00703085291076919,"Household Activities",1,15.27,1,"On average, the amount of time spent on household activities is 15.27% more than that of the reference group, given all other variables are held constant."
"66",0.0706593130567949,0.0778275366587729,0.0742436756057344,1.07706922901862,"Post-COVID Peak",-0.00716822360197804,"Household Activities",1,7.71,1,"On average, the amount of time spent on household activities is 7.71% more than that of the reference group, given all other variables are held constant."
"67",0.00772567378373242,0.00791566219556122,0.00782066831281893,1.00785132961776,"Age",-0.000189988411828801,"Household Activities",1,0.79,1,"On average, each additional year in age is associated with 0.79% more minutes on household activities given the other variables are held constant."
"68",0.346168364237815,0.352322897162,0.349245263672128,1.41799693083051,"Sex: Female",-0.00615453292418539,"Household Activities",1,41.8,1,"On average, the amount of time spent on household activities is 41.8% more than that of the reference group, given all other variables are held constant."
"69",-0.337439674861012,-0.327111687437071,-0.33227228792804,0.717291986313006,"Race: Black",-0.010327987423941,"Household Activities",1,28.27,-1,"On average, the amount of time spent on household activities is 28.27% less than that of the reference group, given all other variables are held constant."
"70",0.0192802832259245,0.0526623426223634,0.0360166769106351,1.03667313485199,"Race: American Indian or Alaskan Native",-0.0333820593964389,"Household Activities",1,3.67,1,"On average, the amount of time spent on household activities is 3.67% more than that of the reference group, given all other variables are held constant."
"71",-0.00496511687833999,0.00884334149992242,0.00194576993388636,1.00194766417259,"Race: Asian or Pacific Islander",-0.0138084583782624,"Household Activities",0,0.19,1,"On average, the amount of time spent on household activities is 0.19% more than that of the reference group, given all other variables are held constant."
"72",0.0548488105403918,0.079725779995287,0.0673120737591988,1.06962922930895,"Race: Other",-0.0248769694548952,"Household Activities",1,6.96,1,"On average, the amount of time spent on household activities is 6.96% more than that of the reference group, given all other variables are held constant."
"73",0.280142110169575,0.288928659622419,0.284534026830075,1.32914253903784,"Marital Status: Married",-0.00878654945284352,"Household Activities",1,32.91,1,"On average, the amount of time spent on household activities is 32.91% more than that of the reference group, given all other variables are held constant."
"74",0.141742389306249,0.152096225761174,0.146918557029718,1.15825962708402,"Marital Status: Previously Married",-0.0103538364549254,"Household Activities",1,15.83,1,"On average, the amount of time spent on household activities is 15.83% more than that of the reference group, given all other variables are held constant."
"75",-0.10873036925301,-0.0965754454915082,-0.102650005753546,0.902442767991713,"Education: Less than High School",-0.0121549237615013,"Household Activities",1,9.76,-1,"On average, the amount of time spent on household activities is 9.76% less than that of the reference group, given all other variables are held constant."
"76",0.0175744857589051,0.0259016625105953,0.0217378609018537,1.02197584952634,"Education: Some College",-0.00832717675169012,"Household Activities",1,2.2,1,"On average, the amount of time spent on household activities is 2.2% more than that of the reference group, given all other variables are held constant."
"77",0.0163935622909275,0.0249914246561314,0.0206924012042768,1.02090797327182,"Education: Bachelors Degree",-0.00859786236520381,"Household Activities",1,2.09,1,"On average, the amount of time spent on household activities is 2.09% more than that of the reference group, given all other variables are held constant."
"78",-0.0138997208299801,-0.00439695309385434,-0.00914779954144192,0.990893914283309,"Education: Graduate Degree",-0.00950276773612574,"Household Activities",1,0.91,-1,"On average, the amount of time spent on household activities is 0.91% less than that of the reference group, given all other variables are held constant."
"79",-0.0477514340054655,-0.0343706481468145,-0.0410548276353663,0.959776506228878,"Occupation: Healthcare Worker",-0.013380785858651,"Household Activities",1,4.02,-1,"On average, the amount of time spent on household activities is 4.02% less than that of the reference group, given all other variables are held constant."
"80",0.0808938875903368,0.0869155797100703,0.083905077298806,1.08752565803612,"Weekend Day",-0.00602169211973352,"Household Activities",1,8.75,1,"On average, the amount of time spent on household activities is 8.75% more than that of the reference group, given all other variables are held constant."
"81",-0.0829690684229068,0.00207744154597039,-0.0403936072925874,0.960411339838637,"COVID Peak",-0.0850465099688772,"Household Services",0,3.96,-1,"On average, the amount of time spent on household services is 3.96% less than that of the reference group, given all other variables are held constant."
"82",0.145267784224585,0.224641627866679,0.184967784050828,1.20317967792797,"Post-COVID Peak",-0.0793738436420934,"Household Services",1,20.32,1,"On average, the amount of time spent on household services is 20.32% more than that of the reference group, given all other variables are held constant."
"83",0.0198569500674715,0.0220630808785697,0.020959538194719,1.02118073198567,"Age",-0.00220613081109822,"Household Services",1,2.12,1,"On average, each additional year in age is associated with 2.12% more minutes on household services given the other variables are held constant."
"84",-0.155629685801604,-0.086671170852843,-0.121155417801615,0.885896264843104,"Sex: Female",-0.0689585149487611,"Household Services",1,11.41,-1,"On average, the amount of time spent on household services is 11.41% less than that of the reference group, given all other variables are held constant."
"85",-0.150294422485797,-0.04391826239951,-0.0967725268950242,0.907762474198003,"Race: Black",-0.106376160086287,"Household Services",1,9.22,-1,"On average, the amount of time spent on household services is 9.22% less than that of the reference group, given all other variables are held constant."
"86",-4.78029080708853,-2.46934048278231,-3.4113505879572,0.0329966054500317,"Race: American Indian or Alaskan Native",-2.31095032430623,"Household Services",1,96.7,-1,"On average, the amount of time spent on household services is 96.7% less than that of the reference group, given all other variables are held constant."
"87",-0.426519138775128,-0.236404978562082,-0.330134084564066,0.71882734331889,"Race: Asian or Pacific Islander",-0.190114160213047,"Household Services",1,28.12,-1,"On average, the amount of time spent on household services is 28.12% less than that of the reference group, given all other variables are held constant."
"88",-0.150843384831187,0.153286468802024,0.00492969670331009,1.00494186764958,"Race: Other",-0.304129853633211,"Household Services",0,0.49,1,"On average, the amount of time spent on household services is 0.49% more than that of the reference group, given all other variables are held constant."
"89",-0.238764079640557,-0.143302230681305,-0.191170159166216,0.825992026078112,"Marital Status: Married",-0.0954618489592521,"Household Services",1,17.4,-1,"On average, the amount of time spent on household services is 17.4% less than that of the reference group, given all other variables are held constant."
"90",-0.218745103437641,-0.108382335506852,-0.163642790132963,0.849045255060709,"Marital Status: Previously Married",-0.110362767930789,"Household Services",1,15.1,-1,"On average, the amount of time spent on household services is 15.1% less than that of the reference group, given all other variables are held constant."
"91",-0.28518922070284,-0.127149087011918,-0.205618698035317,0.814143451603431,"Education: Less than High School",-0.158040133690922,"Household Services",1,18.59,-1,"On average, the amount of time spent on household services is 18.59% less than that of the reference group, given all other variables are held constant."
"92",0.0951804117164255,0.196314801279138,0.145699436732956,1.15684842964822,"Education: Some College",-0.101134389562713,"Household Services",1,15.68,1,"On average, the amount of time spent on household services is 15.68% more than that of the reference group, given all other variables are held constant."
"93",0.299357162193443,0.400388004180144,0.349816064971671,1.41880655636705,"Education: Bachelors Degree",-0.101030841986701,"Household Services",1,41.88,1,"On average, the amount of time spent on household services is 41.88% more than that of the reference group, given all other variables are held constant."
"94",0.403262127880728,0.509451561755561,0.456341842771703,1.57828977951307,"Education: Graduate Degree",-0.106189433874833,"Household Services",1,57.83,1,"On average, the amount of time spent on household services is 57.83% more than that of the reference group, given all other variables are held constant."
"95",-0.444694331275909,-0.254923340303529,-0.34848236263079,0.705758362634971,"Occupation: Healthcare Worker",-0.189770990972379,"Household Services",1,29.42,-1,"On average, the amount of time spent on household services is 29.42% less than that of the reference group, given all other variables are held constant."
"96",-0.889153930260443,-0.804079121003226,-0.846433966929991,0.428941828594562,"Weekend Day",-0.0850748092572167,"Household Services",1,57.11,-1,"On average, the amount of time spent on household services is 57.11% less than that of the reference group, given all other variables are held constant."
"97",0.00290677383887908,0.00623938646183272,0.00457315113118075,1.00458362394532,"COVID Peak",-0.00333261262295365,"Personal Care",1,0.46,1,"On average, the amount of time spent on personal care is 0.46% more than that of the reference group, given all other variables are held constant."
"98",0.00260866026537885,0.00594937705094032,0.00427909122914157,1.0042882596128,"Post-COVID Peak",-0.00334071678556147,"Personal Care",1,0.43,1,"On average, the amount of time spent on personal care is 0.43% more than that of the reference group, given all other variables are held constant."
"99",-0.000294988790751384,-0.000205576140400689,-0.000250281404605777,0.999749749913172,"Age",-8.94126503506948e-05,"Personal Care",1,0.03,-1,"On average, each additional year in age is associated with 0.03% less minutes on personal care given the other variables are held constant."
"100",0.0432524682557269,0.0460776687134946,0.0446650382595089,1.04567753927144,"Sex: Female",-0.00282520045776775,"Personal Care",1,4.57,1,"On average, the amount of time spent on personal care is 4.57% more than that of the reference group, given all other variables are held constant."
"101",0.0271290102839975,0.0313215088111394,0.0292257506525163,1.02965701398249,"Race: Black",-0.00419249852714193,"Personal Care",1,2.97,1,"On average, the amount of time spent on personal care is 2.97% more than that of the reference group, given all other variables are held constant."
"102",0.0462174971109676,0.0615615049045123,0.0538990657378277,1.05537807297184,"Race: American Indian or Alaskan Native",-0.0153440077935447,"Personal Care",1,5.54,1,"On average, the amount of time spent on personal care is 5.54% more than that of the reference group, given all other variables are held constant."
"103",0.0261919184119188,0.0325964664575528,0.0293956084150119,1.02983192407352,"Race: Asian or Pacific Islander",-0.00640454804563404,"Personal Care",1,2.98,1,"On average, the amount of time spent on personal care is 2.98% more than that of the reference group, given all other variables are held constant."
"104",-0.00708530939015072,0.00469418289296237,-0.00119001633124792,0.998810691457399,"Race: Other",-0.0117794922831131,"Personal Care",0,0.12,-1,"On average, the amount of time spent on personal care is 0.12% less than that of the reference group, given all other variables are held constant."
"105",-0.0402902537093161,-0.0365164325145939,-0.0384034937052721,0.962324570637311,"Marital Status: Married",-0.00377382119472224,"Personal Care",1,3.77,-1,"On average, the amount of time spent on personal care is 3.77% less than that of the reference group, given all other variables are held constant."
"106",-0.0200395140437743,-0.0154745049581193,-0.0177570477507932,0.982399679578961,"Marital Status: Previously Married",-0.00456500908565508,"Personal Care",1,1.76,-1,"On average, the amount of time spent on personal care is 1.76% less than that of the reference group, given all other variables are held constant."
"107",0.0447689672373844,0.0499537380070384,0.0473617440034616,1.04850122951756,"Education: Less than High School",-0.00518477076965396,"Personal Care",1,4.85,1,"On average, the amount of time spent on personal care is 4.85% more than that of the reference group, given all other variables are held constant."
"108",-0.026949858984633,-0.0230068030678875,-0.0249783686758956,0.975331009501324,"Education: Some College",-0.00394305591674542,"Personal Care",1,2.47,-1,"On average, the amount of time spent on personal care is 2.47% less than that of the reference group, given all other variables are held constant."
"109",-0.0392531481236919,-0.0351705936223365,-0.0372118765354218,0.963471976617213,"Education: Bachelors Degree",-0.00408255450135538,"Personal Care",1,3.65,-1,"On average, the amount of time spent on personal care is 3.65% less than that of the reference group, given all other variables are held constant."
"110",-0.056329218145101,-0.0517538953848837,-0.0540414020058743,0.947392881724157,"Education: Graduate Degree",-0.00457532276021728,"Personal Care",1,5.26,-1,"On average, the amount of time spent on personal care is 5.26% less than that of the reference group, given all other variables are held constant."
"111",-0.0172878011338966,-0.0109916937059831,-0.0141383761061295,0.985961101364859,"Occupation: Healthcare Worker",-0.00629610742791344,"Personal Care",1,1.4,-1,"On average, the amount of time spent on personal care is 1.4% less than that of the reference group, given all other variables are held constant."
"112",0.0516379217132839,0.0544880497588387,0.0530630685619171,1.05449614857783,"Weekend Day",-0.00285012804555475,"Personal Care",1,5.45,1,"On average, the amount of time spent on personal care is 5.45% more than that of the reference group, given all other variables are held constant."
"113",0.393406027210494,0.420636694319126,0.407020008902084,1.50233416541843,"COVID Peak",-0.0272306671086319,"Phone Calls",1,50.23,1,"On average, the amount of time spent on phone calls is 50.23% more than that of the reference group, given all other variables are held constant."
"114",0.243734931621158,0.271981034055278,0.257858934155428,1.29415624450341,"Post-COVID Peak",-0.0282461024341202,"Phone Calls",1,29.42,1,"On average, the amount of time spent on phone calls is 29.42% more than that of the reference group, given all other variables are held constant."
"115",0.0074641530045699,0.00819343779991631,0.00782882386282568,1.0078595492332,"Age",-0.000729284795346404,"Phone Calls",1,0.79,1,"On average, each additional year in age is associated with 0.79% more minutes on phone calls given the other variables are held constant."
"116",0.632806319413287,0.658018632774693,0.645402198024916,1.90675376767061,"Sex: Female",-0.0252123133614068,"Phone Calls",1,90.68,1,"On average, the amount of time spent on phone calls is 90.68% more than that of the reference group, given all other variables are held constant."
"117",0.376979884958994,0.406226615735889,0.391622055145074,1.4793784822442,"Race: Black",-0.0292467307768944,"Phone Calls",1,47.94,1,"On average, the amount of time spent on phone calls is 47.94% more than that of the reference group, given all other variables are held constant."
"118",0.269603446542193,0.38320451020875,0.326923878499565,1.38669591578885,"Race: American Indian or Alaskan Native",-0.113601063666556,"Phone Calls",1,38.67,1,"On average, the amount of time spent on phone calls is 38.67% more than that of the reference group, given all other variables are held constant."
"119",0.390593215385342,0.439212434552473,0.414980392860453,1.5143410485047,"Race: Asian or Pacific Islander",-0.0486192191671315,"Phone Calls",1,51.43,1,"On average, the amount of time spent on phone calls is 51.43% more than that of the reference group, given all other variables are held constant."
"120",0.205206005939433,0.295719804399308,0.250786766561118,1.28503604246037,"Race: Other",-0.0905137984598756,"Phone Calls",1,28.5,1,"On average, the amount of time spent on phone calls is 28.5% more than that of the reference group, given all other variables are held constant."
"121",-0.736612757024953,-0.705046038113806,-0.720832284114707,0.486347308328654,"Marital Status: Married",-0.0315667189111466,"Phone Calls",1,51.37,-1,"On average, the amount of time spent on phone calls is 51.37% less than that of the reference group, given all other variables are held constant."
"122",-0.020446548614851,0.012993643289488,-0.0037323372527412,0.996274619260567,"Marital Status: Previously Married",-0.0334401919043389,"Phone Calls",0,0.37,-1,"On average, the amount of time spent on phone calls is 0.37% less than that of the reference group, given all other variables are held constant."
"123",0.292370442459304,0.334793943873156,0.313600358770903,1.36834278107082,"Education: Less than High School",-0.0424235014138515,"Phone Calls",1,36.83,1,"On average, the amount of time spent on phone calls is 36.83% more than that of the reference group, given all other variables are held constant."
"124",0.173407600808657,0.207240979258637,0.190317207073757,1.20963324102754,"Education: Some College",-0.0338333784499799,"Phone Calls",1,20.96,1,"On average, the amount of time spent on phone calls is 20.96% more than that of the reference group, given all other variables are held constant."
"125",0.272457065406614,0.307451061699897,0.289949316578527,1.33635975502431,"Education: Bachelors Degree",-0.0349939962932826,"Phone Calls",1,33.64,1,"On average, the amount of time spent on phone calls is 33.64% more than that of the reference group, given all other variables are held constant."
"126",0.438410422544771,0.475451645112192,0.456932092807676,1.57922164010052,"Education: Graduate Degree",-0.0370412225674217,"Phone Calls",1,57.92,1,"On average, the amount of time spent on phone calls is 57.92% more than that of the reference group, given all other variables are held constant."
"127",-0.47985454891634,-0.420625077870654,-0.450111026012256,0.6375573622406,"Occupation: Healthcare Worker",-0.0592294710456857,"Phone Calls",1,36.24,-1,"On average, the amount of time spent on phone calls is 36.24% less than that of the reference group, given all other variables are held constant."
"128",0.0341393527825242,0.0574813003457378,0.045816046577804,1.04688181575056,"Weekend Day",-0.0233419475632136,"Phone Calls",1,4.69,1,"On average, the amount of time spent on phone calls is 4.69% more than that of the reference group, given all other variables are held constant."
"129",-0.190769288319109,-0.153639132419837,-0.17219032075159,0.841818942307552,"COVID Peak",-0.037130155899272,"Care Services",1,15.82,-1,"On average, the amount of time spent on care services is 15.82% less than that of the reference group, given all other variables are held constant."
"130",-0.113491528617007,-0.0774236691670706,-0.0954470299637137,0.908966508367425,"Post-COVID Peak",-0.0360678594499365,"Care Services",1,9.1,-1,"On average, the amount of time spent on care services is 9.1% less than that of the reference group, given all other variables are held constant."
"131",0.012806855647694,0.0137958250254345,0.0133012895331872,1.01339014521278,"Age",-0.000988969377740428,"Care Services",1,1.34,1,"On average, each additional year in age is associated with 1.34% more minutes on care services given the other variables are held constant."
"132",0.511517034325207,0.544363188997343,0.527925358805223,1.69541128735475,"Sex: Female",-0.032846154672136,"Care Services",1,69.54,1,"On average, the amount of time spent on care services is 69.54% more than that of the reference group, given all other variables are held constant."
"133",0.211899094982982,0.253889667268951,0.232939086377863,1.2623045854408,"Race: Black",-0.0419905722859692,"Care Services",1,26.23,1,"On average, the amount of time spent on care services is 26.23% more than that of the reference group, given all other variables are held constant."
"134",-1.37884044086826,-1.05062686364011,-1.21027656734422,0.298114819203691,"Race: American Indian or Alaskan Native",-0.328213577228146,"Care Services",1,70.19,-1,"On average, the amount of time spent on care services is 70.19% less than that of the reference group, given all other variables are held constant."
"135",-0.432909951101113,-0.343828341658122,-0.388074823943988,0.678361583675971,"Race: Asian or Pacific Islander",-0.0890816094429915,"Care Services",1,32.16,-1,"On average, the amount of time spent on care services is 32.16% less than that of the reference group, given all other variables are held constant."
"136",0.154481213235174,0.277427086443645,0.216554766093119,1.24179109153815,"Race: Other",-0.122945873208471,"Care Services",1,24.18,1,"On average, the amount of time spent on care services is 24.18% more than that of the reference group, given all other variables are held constant."
"137",-0.00116989188524221,0.0429867241777463,0.020879075093829,1.02109856792303,"Marital Status: Married",-0.0441566160629885,"Care Services",0,2.11,1,"On average, the amount of time spent on care services is 2.11% more than that of the reference group, given all other variables are held constant."
"138",0.0644196391757213,0.114388982689417,0.0893837875237875,1.09350024755651,"Marital Status: Previously Married",-0.0499693435136954,"Care Services",1,9.35,1,"On average, the amount of time spent on care services is 9.35% more than that of the reference group, given all other variables are held constant."
"139",-0.123131900262958,-0.0594613694477539,-0.0912159857827593,0.912820533348844,"Education: Less than High School",-0.0636705308152039,"Care Services",1,8.72,-1,"On average, the amount of time spent on care services is 8.72% less than that of the reference group, given all other variables are held constant."
"140",0.0130086460739074,0.0567431633893414,0.0348701680831593,1.03548526103571,"Education: Some College",-0.0437345173154341,"Care Services",1,3.55,1,"On average, the amount of time spent on care services is 3.55% more than that of the reference group, given all other variables are held constant."
"141",0.107796578241654,0.152849842810234,0.130320510468461,1.1391934482437,"Education: Bachelors Degree",-0.0450532645685793,"Care Services",1,13.92,1,"On average, the amount of time spent on care services is 13.92% more than that of the reference group, given all other variables are held constant."
"142",0.245193474985967,0.292493554201911,0.26884895539057,1.3084574906692,"Education: Graduate Degree",-0.0473000792159434,"Care Services",1,30.85,1,"On average, the amount of time spent on care services is 30.85% more than that of the reference group, given all other variables are held constant."
"143",-0.0711030467358445,-0.00296694780622252,-0.0368746369496345,0.963796952301778,"Occupation: Healthcare Worker",-0.068136098929622,"Care Services",1,3.62,-1,"On average, the amount of time spent on care services is 3.62% less than that of the reference group, given all other variables are held constant."
"144",-0.778822149599323,-0.741791412658643,-0.760273819822743,0.467538388202344,"Weekend Day",-0.0370307369406795,"Care Services",1,53.25,-1,"On average, the amount of time spent on care services is 53.25% less than that of the reference group, given all other variables are held constant."
"145",-0.216459084274351,-0.198805277227946,-0.207628887223246,0.812508513058034,"COVID Peak",-0.0176538070464045,"Consumer Purchasing",1,18.75,-1,"On average, the amount of time spent on consumer purchasing is 18.75% less than that of the reference group, given all other variables are held constant."
"146",-0.144513752597911,-0.127236898702586,-0.135872598409197,0.872953841112547,"Post-COVID Peak",-0.0172768538953251,"Consumer Purchasing",1,12.7,-1,"On average, the amount of time spent on consumer purchasing is 12.7% less than that of the reference group, given all other variables are held constant."
"147",0.000447230685851865,0.000915933953830375,0.000681605686645323,1.00068183803259,"Age",-0.00046870326797851,"Consumer Purchasing",1,0.07,1,"On average, each additional year in age is associated with 0.07% more minutes on consumer purchasing given the other variables are held constant."
"148",0.343378677150129,0.358509955078519,0.35094211902312,1.42040510909754,"Sex: Female",-0.0151312779283898,"Consumer Purchasing",1,42.04,1,"On average, the amount of time spent on consumer purchasing is 42.04% more than that of the reference group, given all other variables are held constant."
"149",-0.165782535787258,-0.142126989931216,-0.153937994009941,0.8573251786599,"Race: Black",-0.0236555458560422,"Consumer Purchasing",1,14.27,-1,"On average, the amount of time spent on consumer purchasing is 14.27% less than that of the reference group, given all other variables are held constant."
"150",0.211716437706487,0.285428863809312,0.248792432131747,1.28247580467168,"Race: American Indian or Alaskan Native",-0.0737124261028243,"Consumer Purchasing",1,28.25,1,"On average, the amount of time spent on consumer purchasing is 28.25% more than that of the reference group, given all other variables are held constant."
"151",0.0161870987634147,0.0489034699880044,0.0325821072164549,1.03311871616369,"Race: Asian or Pacific Islander",-0.0327163712245897,"Consumer Purchasing",1,3.31,1,"On average, the amount of time spent on consumer purchasing is 3.31% more than that of the reference group, given all other variables are held constant."
"152",-0.00131514953941461,0.059525478368531,0.0292530941042421,1.02968516874427,"Race: Other",-0.0608406279079456,"Consumer Purchasing",0,2.97,1,"On average, the amount of time spent on consumer purchasing is 2.97% more than that of the reference group, given all other variables are held constant."
"153",0.104196729767274,0.12438761877385,0.114286564797615,1.12107333901213,"Marital Status: Married",-0.0201908890065755,"Consumer Purchasing",1,12.11,1,"On average, the amount of time spent on consumer purchasing is 12.11% more than that of the reference group, given all other variables are held constant."
"154",0.0122928713977037,0.0368098273816359,0.0245494489809387,1.02485326780394,"Marital Status: Previously Married",-0.0245169559839321,"Consumer Purchasing",1,2.49,1,"On average, the amount of time spent on consumer purchasing is 2.49% more than that of the reference group, given all other variables are held constant."
"155",-0.133590057055807,-0.103447881511072,-0.118502483087251,0.888249610052784,"Education: Less than High School",-0.0301421755447355,"Consumer Purchasing",1,11.18,-1,"On average, the amount of time spent on consumer purchasing is 11.18% less than that of the reference group, given all other variables are held constant."
"156",0.049146736584133,0.0700838943759635,0.0596134371775349,1.06142615933826,"Education: Some College",-0.0209371577918306,"Consumer Purchasing",1,6.14,1,"On average, the amount of time spent on consumer purchasing is 6.14% more than that of the reference group, given all other variables are held constant."
"157",0.124859716444462,0.146051604142832,0.13545384978876,1.14505635002259,"Education: Bachelors Degree",-0.02119188769837,"Consumer Purchasing",1,14.51,1,"On average, the amount of time spent on consumer purchasing is 14.51% more than that of the reference group, given all other variables are held constant."
"158",0.0381432704490937,0.0619409484224563,0.0500447847541898,1.05131817834793,"Education: Graduate Degree",-0.0237976779733626,"Consumer Purchasing",1,5.13,1,"On average, the amount of time spent on consumer purchasing is 5.13% more than that of the reference group, given all other variables are held constant."
"159",0.00317929930299984,0.0342167042178808,0.0187307912448581,1.01890731292296,"Occupation: Healthcare Worker",-0.0310374049148809,"Consumer Purchasing",1,1.89,1,"On average, the amount of time spent on consumer purchasing is 1.89% more than that of the reference group, given all other variables are held constant."
"160",-0.0933509664293049,-0.078181610941415,-0.0857633324537059,0.917811421695302,"Weekend Day",-0.0151693554878899,"Consumer Purchasing",1,8.22,-1,"On average, the amount of time spent on consumer purchasing is 8.22% less than that of the reference group, given all other variables are held constant."
"161",-0.44393629799697,-0.417418241989403,-0.430666912908266,0.650075406443332,"COVID Peak",-0.0265180560075671,"Religious/Spiritual Activities",1,34.99,-1,"On average, the amount of time spent on religious/spiritual activities is 34.99% less than that of the reference group, given all other variables are held constant."
"162",-0.214235953137044,-0.189519770092277,-0.201871424908148,0.817199992751863,"Post-COVID Peak",-0.0247161830447675,"Religious/Spiritual Activities",1,18.28,-1,"On average, the amount of time spent on religious/spiritual activities is 18.28% less than that of the reference group, given all other variables are held constant."
"163",0.0188003165403695,0.0194966462858356,0.0191484128409458,1.01933291948631,"Age",-0.000696329745466125,"Religious/Spiritual Activities",1,1.93,1,"On average, each additional year in age is associated with 1.93% more minutes on religious/spiritual activities given the other variables are held constant."
"164",0.464758969850054,0.487375846038432,0.476060774617258,1.60972084315384,"Sex: Female",-0.0226168761883778,"Religious/Spiritual Activities",1,60.97,1,"On average, the amount of time spent on religious/spiritual activities is 60.97% more than that of the reference group, given all other variables are held constant."
"165",0.851343239205813,0.876433408739336,0.863899456887728,2.37239372715801,"Race: Black",-0.0250901695335225,"Religious/Spiritual Activities",1,137.24,1,"On average, the amount of time spent on religious/spiritual activities is 137.24% more than that of the reference group, given all other variables are held constant."
"166",0.0997567653991982,0.229321824762072,0.165222267507341,1.17965528861491,"Race: American Indian or Alaskan Native",-0.129565059362874,"Religious/Spiritual Activities",1,17.97,1,"On average, the amount of time spent on religious/spiritual activities is 17.97% more than that of the reference group, given all other variables are held constant."
"167",0.263739634534415,0.315307712354483,0.28961501294851,1.33591307977394,"Race: Asian or Pacific Islander",-0.0515680778200676,"Religious/Spiritual Activities",1,33.59,1,"On average, the amount of time spent on religious/spiritual activities is 33.59% more than that of the reference group, given all other variables are held constant."
"168",-0.172642975627459,-0.0594283743025244,-0.115516162560256,0.890906172796013,"Race: Other",-0.113214601324935,"Religious/Spiritual Activities",1,10.91,-1,"On average, the amount of time spent on religious/spiritual activities is 10.91% less than that of the reference group, given all other variables are held constant."
"169",0.442338576504912,0.475938859089017,0.45911742800815,1.58267654242485,"Marital Status: Married",-0.0336002825841055,"Religious/Spiritual Activities",1,58.27,1,"On average, the amount of time spent on religious/spiritual activities is 58.27% more than that of the reference group, given all other variables are held constant."
"170",0.270847273900893,0.308080654723495,0.289447431362054,1.33568922409823,"Marital Status: Previously Married",-0.0372333808226012,"Religious/Spiritual Activities",1,33.57,1,"On average, the amount of time spent on religious/spiritual activities is 33.57% more than that of the reference group, given all other variables are held constant."
"171",0.298884271536722,0.335417482490672,0.317169182924492,1.37323488016665,"Education: Less than High School",-0.0365332109539499,"Religious/Spiritual Activities",1,37.32,1,"On average, the amount of time spent on religious/spiritual activities is 37.32% more than that of the reference group, given all other variables are held constant."
"172",-0.00516200414219467,0.0240188790212141,0.00942705940614094,1.00947163408996,"Education: Some College",-0.0291808831634088,"Religious/Spiritual Activities",0,0.95,1,"On average, the amount of time spent on religious/spiritual activities is 0.95% more than that of the reference group, given all other variables are held constant."
"173",-0.114446694716409,-0.0826474648025645,-0.098543065116998,0.90615666803105,"Education: Bachelors Degree",-0.0317992299138445,"Religious/Spiritual Activities",1,9.38,-1,"On average, the amount of time spent on religious/spiritual activities is 9.38% less than that of the reference group, given all other variables are held constant."
"174",-0.0909785156531549,-0.056216215543086,-0.0735857229341916,0.929056500928583,"Education: Graduate Degree",-0.0347623001100689,"Religious/Spiritual Activities",1,7.09,-1,"On average, the amount of time spent on religious/spiritual activities is 7.09% less than that of the reference group, given all other variables are held constant."
"175",-0.0962559254444862,-0.0460190657311267,-0.0710490690676531,0.931416187282347,"Occupation: Healthcare Worker",-0.0502368597133594,"Religious/Spiritual Activities",1,6.86,-1,"On average, the amount of time spent on religious/spiritual activities is 6.86% less than that of the reference group, given all other variables are held constant."
"176",1.20632539524627,1.22843925903807,1.21737580283036,3.37831073774569,"Weekend Day",-0.0221138637918072,"Religious/Spiritual Activities",1,237.83,1,"On average, the amount of time spent on religious/spiritual activities is 237.83% more than that of the reference group, given all other variables are held constant."
"177",0.0662975652382486,0.0708052803019854,0.0685515273597807,1.07095580705445,"COVID Peak",-0.00450771506373683,"Socializing and Leisure",1,7.1,1,"On average, the amount of time spent on socializing and leisure is 7.1% more than that of the reference group, given all other variables are held constant."
"178",0.0140520663275459,0.0186323183504164,0.0163423231047578,1.01647658927689,"Post-COVID Peak",-0.00458025202287043,"Socializing and Leisure",1,1.65,1,"On average, the amount of time spent on socializing and leisure is 1.65% more than that of the reference group, given all other variables are held constant."
"179",0.0130917452370226,0.0132121083840786,0.0131519268521634,1.01323879384717,"Age",-0.000120363147056058,"Socializing and Leisure",1,1.32,1,"On average, each additional year in age is associated with 1.32% more minutes on socializing and leisure given the other variables are held constant."
"180",-0.135349332179633,-0.131517360590881,-0.133433358507407,0.87508578405729,"Sex: Female",-0.00383197158875268,"Socializing and Leisure",1,12.49,-1,"On average, the amount of time spent on socializing and leisure is 12.49% less than that of the reference group, given all other variables are held constant."
"181",0.0710224683669862,0.0765010220196682,0.0737625558666003,1.07655115439008,"Race: Black",-0.00547855365268203,"Socializing and Leisure",1,7.66,1,"On average, the amount of time spent on socializing and leisure is 7.66% more than that of the reference group, given all other variables are held constant."
"182",-0.00111953470476047,0.0203691150069515,0.00964357246188056,1.0096902215408,"Race: American Indian or Alaskan Native",-0.021488649711712,"Socializing and Leisure",0,0.97,1,"On average, the amount of time spent on socializing and leisure is 0.97% more than that of the reference group, given all other variables are held constant."
"183",-0.115624382683671,-0.105554183853807,-0.110585621521468,0.895309669131558,"Race: Asian or Pacific Islander",-0.0100701988298634,"Socializing and Leisure",1,10.47,-1,"On average, the amount of time spent on socializing and leisure is 10.47% less than that of the reference group, given all other variables are held constant."
"184",0.0188615642292953,0.0351651636704124,0.0270240037361506,1.02739246372513,"Race: Other",-0.0163035994411171,"Socializing and Leisure",1,2.74,1,"On average, the amount of time spent on socializing and leisure is 2.74% more than that of the reference group, given all other variables are held constant."
"185",-0.266435037433892,-0.261253711339285,-0.263844650457683,0.76809285326202,"Marital Status: Married",-0.00518132609460659,"Socializing and Leisure",1,23.19,-1,"On average, the amount of time spent on socializing and leisure is 23.19% less than that of the reference group, given all other variables are held constant."
"186",-0.171235878748969,-0.165243947793895,-0.168240063563582,0.845150920387756,"Marital Status: Previously Married",-0.00599193095507394,"Socializing and Leisure",1,15.48,-1,"On average, the amount of time spent on socializing and leisure is 15.48% less than that of the reference group, given all other variables are held constant."
"187",0.0902468702057525,0.0970143672238138,0.093631328894645,1.09815481332941,"Education: Less than High School",-0.00676749701806127,"Socializing and Leisure",1,9.82,1,"On average, the amount of time spent on socializing and leisure is 9.82% more than that of the reference group, given all other variables are held constant."
"188",-0.0483455707006903,-0.0431658802823784,-0.0457557539107962,0.955275255944389,"Education: Some College",-0.00517969041831194,"Socializing and Leisure",1,4.47,-1,"On average, the amount of time spent on socializing and leisure is 4.47% less than that of the reference group, given all other variables are held constant."
"189",-0.137039558069262,-0.13149222096869,-0.134265783758305,0.874357643657212,"Education: Bachelors Degree",-0.00554733710057245,"Socializing and Leisure",1,12.56,-1,"On average, the amount of time spent on socializing and leisure is 12.56% less than that of the reference group, given all other variables are held constant."
"190",-0.221812306047616,-0.215454087798528,-0.21863271447119,0.803616820785829,"Education: Graduate Degree",-0.00635821824908797,"Socializing and Leisure",1,19.64,-1,"On average, the amount of time spent on socializing and leisure is 19.64% less than that of the reference group, given all other variables are held constant."
"191",-0.212660535710716,-0.202528372910507,-0.207590727203215,0.812539518990758,"Occupation: Healthcare Worker",-0.0101321628002091,"Socializing and Leisure",1,18.75,-1,"On average, the amount of time spent on socializing and leisure is 18.75% less than that of the reference group, given all other variables are held constant."
"192",0.102251029899513,0.106105803793639,0.104178552632836,1.10979859468687,"Weekend Day",-0.00385477389412599,"Socializing and Leisure",1,10.98,1,"On average, the amount of time spent on socializing and leisure is 10.98% more than that of the reference group, given all other variables are held constant."
"193",0.132638709832575,0.150290047609229,0.141465447863809,1.15196070087014,"COVID Peak",-0.0176513377766536,"Sports and Exercise",1,15.2,1,"On average, the amount of time spent on sports and exercise is 15.2% more than that of the reference group, given all other variables are held constant."
"194",0.0425896369326319,0.0607226976824051,0.0516579392329597,1.05301548561729,"Post-COVID Peak",-0.0181330607497731,"Sports and Exercise",1,5.3,1,"On average, the amount of time spent on sports and exercise is 5.3% more than that of the reference group, given all other variables are held constant."
"195",-0.00885780125488259,-0.00836892083090773,-0.0086132983233577,0.991423689857718,"Age",-0.000488880423974856,"Sports and Exercise",1,0.86,-1,"On average, each additional year in age is associated with 0.86% less minutes on sports and exercise given the other variables are held constant."
"196",-0.44310806434094,-0.427930396912535,-0.435517788433592,0.646929607672377,"Sex: Female",-0.0151776674284051,"Sports and Exercise",1,35.31,-1,"On average, the amount of time spent on sports and exercise is 35.31% less than that of the reference group, given all other variables are held constant."
"197",-0.485877332375898,-0.45778014044015,-0.471802470732467,0.62387673466183,"Race: Black",-0.0280971919357478,"Sports and Exercise",1,37.61,-1,"On average, the amount of time spent on sports and exercise is 37.61% less than that of the reference group, given all other variables are held constant."
"198",-0.37958267509123,-0.279116833351501,-0.32893599766308,0.719689077055863,"Race: American Indian or Alaskan Native",-0.100465841739728,"Sports and Exercise",1,28.03,-1,"On average, the amount of time spent on sports and exercise is 28.03% less than that of the reference group, given all other variables are held constant."
"199",-0.0982705538616216,-0.0668658685867489,-0.0825349043416257,0.920779298100716,"Race: Asian or Pacific Islander",-0.0314046852748727,"Sports and Exercise",1,7.92,-1,"On average, the amount of time spent on sports and exercise is 7.92% less than that of the reference group, given all other variables are held constant."
"200",-0.357322866502101,-0.28745997833157,-0.322194391593661,0.724557328785355,"Race: Other",-0.0698628881705304,"Sports and Exercise",1,27.54,-1,"On average, the amount of time spent on sports and exercise is 27.54% less than that of the reference group, given all other variables are held constant."
"201",-0.130030164742681,-0.110728289748726,-0.120382802258155,0.88658098654647,"Marital Status: Married",-0.0193018749939555,"Sports and Exercise",1,11.34,-1,"On average, the amount of time spent on sports and exercise is 11.34% less than that of the reference group, given all other variables are held constant."
"202",-0.152071310932381,-0.126728281890836,-0.13939772714419,0.869881983969903,"Marital Status: Previously Married",-0.0253430290415454,"Sports and Exercise",1,13.01,-1,"On average, the amount of time spent on sports and exercise is 13.01% less than that of the reference group, given all other variables are held constant."
"203",0.260668523571396,0.290837065103962,0.27575994012188,1.31753153959961,"Education: Less than High School",-0.0301685415325663,"Sports and Exercise",1,31.75,1,"On average, the amount of time spent on sports and exercise is 31.75% more than that of the reference group, given all other variables are held constant."
"204",0.187017715748913,0.21139386240994,0.199201469859466,1.22042782055439,"Education: Some College",-0.0243761466610274,"Sports and Exercise",1,22.04,1,"On average, the amount of time spent on sports and exercise is 22.04% more than that of the reference group, given all other variables are held constant."
"205",0.458470631178879,0.481954378868147,0.47020617068925,1.60032409913027,"Education: Bachelors Degree",-0.0234837476892686,"Sports and Exercise",1,60.03,1,"On average, the amount of time spent on sports and exercise is 60.03% more than that of the reference group, given all other variables are held constant."
"206",0.698274662727727,0.722899261782064,0.710582496391463,2.03517639635089,"Education: Graduate Degree",-0.0246245990543373,"Sports and Exercise",1,103.52,1,"On average, the amount of time spent on sports and exercise is 103.52% more than that of the reference group, given all other variables are held constant."
"207",-0.15847759993292,-0.123348929615376,-0.140869751511739,0.868602438484724,"Occupation: Healthcare Worker",-0.0351286703175444,"Sports and Exercise",1,13.14,-1,"On average, the amount of time spent on sports and exercise is 13.14% less than that of the reference group, given all other variables are held constant."
"208",0.0165023539750828,0.0318128938915836,0.0241601695791603,1.0244543911792,"Weekend Day",-0.0153105399165009,"Sports and Exercise",1,2.45,1,"On average, the amount of time spent on sports and exercise is 2.45% more than that of the reference group, given all other variables are held constant."
"209",-0.409990735187648,-0.399019920903936,-0.404503603117328,0.667307978256631,"COVID Peak",-0.0109708142837116,"Traveling",1,33.27,-1,"On average, the amount of time spent on traveling is 33.27% less than that of the reference group, given all other variables are held constant."
"210",-0.215245921523471,-0.204931934172061,-0.210087791972937,0.810513086303671,"Post-COVID Peak",-0.0103139873514101,"Traveling",1,18.95,-1,"On average, the amount of time spent on traveling is 18.95% less than that of the reference group, given all other variables are held constant."
"211",-0.00720923275706294,-0.00692228106342093,-0.00706574067258819,0.992959162984258,"Age",-0.000286951693642006,"Traveling",1,0.7,-1,"On average, each additional year in age is associated with 0.7% less minutes on traveling given the other variables are held constant."
"212",-0.0455636279165968,-0.0366866457972512,-0.0411252911656096,0.959708879370647,"Sex: Female",-0.00887698211934556,"Traveling",1,4.03,-1,"On average, the amount of time spent on traveling is 4.03% less than that of the reference group, given all other variables are held constant."
"213",-0.0416602944474313,-0.0278548328765914,-0.0347520172437089,0.965844899442803,"Race: Black",-0.0138054615708399,"Traveling",1,3.42,-1,"On average, the amount of time spent on traveling is 3.42% less than that of the reference group, given all other variables are held constant."
"214",-0.064455826892803,-0.0130074360610133,-0.0386237596625304,0.962112626637448,"Race: American Indian or Alaskan Native",-0.0514483908317897,"Traveling",1,3.79,-1,"On average, the amount of time spent on traveling is 3.79% less than that of the reference group, given all other variables are held constant."
"215",-0.180962692444257,-0.160280607274976,-0.170606646162723,0.843153165783964,"Race: Asian or Pacific Islander",-0.0206820851692813,"Traveling",1,15.68,-1,"On average, the amount of time spent on traveling is 15.68% less than that of the reference group, given all other variables are held constant."
"216",-0.0193841499326143,0.017123075562623,-0.00107729474253793,0.998923285331121,"Race: Other",-0.0365072254952373,"Traveling",0,0.11,-1,"On average, the amount of time spent on traveling is 0.11% less than that of the reference group, given all other variables are held constant."
"217",0.125064372994157,0.136893980670958,0.13097748408031,1.13994211417794,"Marital Status: Married",-0.0118296076768009,"Traveling",1,13.99,1,"On average, the amount of time spent on traveling is 13.99% more than that of the reference group, given all other variables are held constant."
"218",0.00888362107458666,0.0238138063177057,0.0163487250382573,1.01648309671324,"Marital Status: Previously Married",-0.0149301852431191,"Traveling",1,1.65,1,"On average, the amount of time spent on traveling is 1.65% more than that of the reference group, given all other variables are held constant."
"219",-0.12176457036279,-0.103557066392189,-0.112655353554144,0.893458534367474,"Education: Less than High School",-0.0182075039706009,"Traveling",1,10.65,-1,"On average, the amount of time spent on traveling is 10.65% less than that of the reference group, given all other variables are held constant."
"220",0.08423973841846,0.0971227504595725,0.0906803670453674,1.09491897713344,"Education: Some College",-0.0128830120411125,"Traveling",1,9.49,1,"On average, the amount of time spent on traveling is 9.49% more than that of the reference group, given all other variables are held constant."
"221",0.143117710330151,0.156138824633798,0.149627421236221,1.16140144859237,"Education: Bachelors Degree",-0.0130211143036474,"Traveling",1,16.14,1,"On average, the amount of time spent on traveling is 16.14% more than that of the reference group, given all other variables are held constant."
"222",0.179501153604076,0.19376253351482,0.186632237980999,1.2051839826453,"Education: Graduate Degree",-0.014261379910744,"Traveling",1,20.52,1,"On average, the amount of time spent on traveling is 20.52% more than that of the reference group, given all other variables are held constant."
"223",0.140363157620647,0.158263150042847,0.149323761656605,1.16104883145722,"Occupation: Healthcare Worker",-0.0178999924222003,"Traveling",1,16.1,1,"On average, the amount of time spent on traveling is 16.1% more than that of the reference group, given all other variables are held constant."
"224",-0.144186571397861,-0.134941635350627,-0.139562916450365,0.869738300636319,"Weekend Day",-0.00924493604723436,"Traveling",1,13.03,-1,"On average, the amount of time spent on traveling is 13.03% less than that of the reference group, given all other variables are held constant."
"225",-0.456888239389567,-0.425855748221104,-0.441357718060154,0.643162594542112,"COVID Peak",-0.0310324911684626,"Volunteering",1,35.68,-1,"On average, the amount of time spent on volunteering is 35.68% less than that of the reference group, given all other variables are held constant."
"226",-0.340885629880331,-0.311191108865455,-0.326027535090283,0.72178531273434,"Post-COVID Peak",-0.0296945210148762,"Volunteering",1,27.82,-1,"On average, the amount of time spent on volunteering is 27.82% less than that of the reference group, given all other variables are held constant."
"227",0.0171910586002025,0.0180057066942253,0.017598327862291,1.017754090815,"Age",-0.000814648094022794,"Volunteering",1,1.78,1,"On average, each additional year in age is associated with 1.78% more minutes on volunteering given the other variables are held constant."
"228",0.0247605794480884,0.050121775365497,0.0374386977822014,1.0381483543346,"Sex: Female",-0.0253611959174086,"Volunteering",1,3.81,1,"On average, the amount of time spent on volunteering is 3.81% more than that of the reference group, given all other variables are held constant."
"229",-0.106602395902201,-0.0660721592881177,-0.0862874305859078,0.917330524473154,"Race: Black",-0.0405302366140836,"Volunteering",1,8.27,-1,"On average, the amount of time spent on volunteering is 8.27% less than that of the reference group, given all other variables are held constant."
"230",-0.280943428772873,-0.105589626422464,-0.192005268474268,0.825302520395137,"Race: American Indian or Alaskan Native",-0.175353802350409,"Volunteering",1,17.47,-1,"On average, the amount of time spent on volunteering is 17.47% less than that of the reference group, given all other variables are held constant."
"231",-0.227026749576129,-0.164732212359545,-0.195741314264468,0.822224905023937,"Race: Asian or Pacific Islander",-0.0622945372165839,"Volunteering",1,17.78,-1,"On average, the amount of time spent on volunteering is 17.78% less than that of the reference group, given all other variables are held constant."
"232",-0.421938873259913,-0.285938737938522,-0.353185989077227,0.702446533844365,"Race: Other",-0.136000135321391,"Volunteering",1,29.76,-1,"On average, the amount of time spent on volunteering is 29.76% less than that of the reference group, given all other variables are held constant."
"233",0.254182669287254,0.292494686990743,0.273307711255916,1.31430460892972,"Marital Status: Married",-0.0383120177034893,"Volunteering",1,31.43,1,"On average, the amount of time spent on volunteering is 31.43% more than that of the reference group, given all other variables are held constant."
"234",0.0977422852687938,0.142145586390272,0.119924982679751,1.12741227295945,"Marital Status: Previously Married",-0.0444033011214779,"Volunteering",1,12.74,1,"On average, the amount of time spent on volunteering is 12.74% more than that of the reference group, given all other variables are held constant."
"235",-0.12346498825626,-0.058812608747848,-0.0910522770943039,0.912969982233861,"Education: Less than High School",-0.0646523795084118,"Volunteering",1,8.7,-1,"On average, the amount of time spent on volunteering is 8.7% less than that of the reference group, given all other variables are held constant."
"236",0.458308630228207,0.498521078509823,0.47839638826833,1.6134849231367,"Education: Some College",-0.0402124482816165,"Volunteering",1,61.35,1,"On average, the amount of time spent on volunteering is 61.35% more than that of the reference group, given all other variables are held constant."
"237",0.580482564079025,0.621127623203276,0.600787119645807,1.82355359049695,"Education: Bachelors Degree",-0.0406450591242509,"Volunteering",1,82.36,1,"On average, the amount of time spent on volunteering is 82.36% more than that of the reference group, given all other variables are held constant."
"238",0.94856722170095,0.988965402373174,0.968747406828159,2.63464225672666,"Education: Graduate Degree",-0.0403981806722247,"Volunteering",1,163.46,1,"On average, the amount of time spent on volunteering is 163.46% more than that of the reference group, given all other variables are held constant."
"239",-0.246394195614933,-0.185552425627381,-0.2158413165945,0.805863168840027,"Occupation: Healthcare Worker",-0.0608417699875521,"Volunteering",1,19.41,-1,"On average, the amount of time spent on volunteering is 19.41% less than that of the reference group, given all other variables are held constant."
"240",-0.0379382642815544,-0.0120785471219772,-0.0250005063091736,0.975309418220102,"Weekend Day",-0.0258597171595772,"Volunteering",1,2.47,-1,"On average, the amount of time spent on volunteering is 2.47% less than that of the reference group, given all other variables are held constant."
"241",-0.0687648000567888,-0.0621370035064337,-0.0654505551230221,0.936645357929188,"COVID Peak",-0.00662779655035509,"Work",1,6.34,-1,"On average, the amount of time spent on work is 6.34% less than that of the reference group, given all other variables are held constant."
"242",0.00753915335103869,0.0140222680177197,0.0107809765019356,1.01083930063771,"Post-COVID Peak",-0.00648311466668099,"Work",1,1.08,1,"On average, the amount of time spent on work is 1.08% more than that of the reference group, given all other variables are held constant."
"243",-0.0239425125141525,-0.0237516963832786,-0.0238470923233857,0.976435002751232,"Age",-0.000190816130873864,"Work",1,2.36,-1,"On average, each additional year in age is associated with 2.36% less minutes on work given the other variables are held constant."
"244",-0.417172654369183,-0.411603026754046,-0.414387685568145,0.660744740404413,"Sex: Female",-0.0055696276151368,"Work",1,33.93,-1,"On average, the amount of time spent on work is 33.93% less than that of the reference group, given all other variables are held constant."
"245",0.0783631294669181,0.0868156662117039,0.0825914279677096,1.08609796862981,"Race: Black",-0.00845253674478581,"Work",1,8.61,1,"On average, the amount of time spent on work is 8.61% more than that of the reference group, given all other variables are held constant."
"246",-0.0941548154074332,-0.0612767311958249,-0.077671695437316,0.92526814643868,"Race: American Indian or Alaskan Native",-0.0328780842116083,"Work",1,7.47,-1,"On average, the amount of time spent on work is 7.47% less than that of the reference group, given all other variables are held constant."
"247",-0.113967252102959,-0.102284283771764,-0.108121151410152,0.897518854168608,"Race: Asian or Pacific Islander",-0.0116829683311958,"Work",1,10.25,-1,"On average, the amount of time spent on work is 10.25% less than that of the reference group, given all other variables are held constant."
"248",-0.0178184867270212,0.00426959588819259,-0.00675502627721938,0.993267737627019,"Race: Other",-0.0220880826152137,"Work",0,0.67,-1,"On average, the amount of time spent on work is 0.67% less than that of the reference group, given all other variables are held constant."
"249",0.203883177581475,0.211030413935162,0.207456281348868,1.23054391794384,"Marital Status: Married",-0.00714723635368691,"Work",1,23.05,1,"On average, the amount of time spent on work is 23.05% more than that of the reference group, given all other variables are held constant."
"250",0.19789382553423,0.207336954691614,0.202615716022449,1.22460178297081,"Marital Status: Previously Married",-0.00944312915738446,"Work",1,22.46,1,"On average, the amount of time spent on work is 22.46% more than that of the reference group, given all other variables are held constant."
"251",-0.67028879913549,-0.657148422331973,-0.663714871733348,0.514934860011279,"Education: Less than High School",-0.0131403768035174,"Work",1,48.51,-1,"On average, the amount of time spent on work is 48.51% less than that of the reference group, given all other variables are held constant."
"252",0.0490279015215921,0.0571314630456615,0.053079339497597,1.05451330635643,"Education: Some College",-0.00810356152406942,"Work",1,5.45,1,"On average, the amount of time spent on work is 5.45% more than that of the reference group, given all other variables are held constant."
"253",0.175442692595635,0.183465153507275,0.179453488467215,1.19656324878241,"Education: Bachelors Degree",-0.00802246091164069,"Work",1,19.66,1,"On average, the amount of time spent on work is 19.66% more than that of the reference group, given all other variables are held constant."
"254",0.263559908752693,0.272340714723342,0.267950306337592,1.3072821747617,"Education: Graduate Degree",-0.00878080597064995,"Work",1,30.73,1,"On average, the amount of time spent on work is 30.73% more than that of the reference group, given all other variables are held constant."
"255",0.375560526784197,0.385576434281858,0.380571602988632,1.4631206746074,"Occupation: Healthcare Worker",-0.0100159074976612,"Work",1,46.31,1,"On average, the amount of time spent on work is 46.31% more than that of the reference group, given all other variables are held constant."
"256",-0.547375137914165,-0.541105317568821,-0.544239407333612,0.580282974510035,"Weekend Day",-0.00626982034534451,"Work",1,41.97,-1,"On average, the amount of time spent on work is 41.97% less than that of the reference group, given all other variables are held constant."
